1,2,0.38,0.92,0.54,0.08,0.38,0.92,0.54,0.92,0,1,0
2,2,0.36,0.41,0.17,0.15,0.36,0.41,0.17,0.41,0,1,0
3,2,0.54,0.97,0.92,0.05,0.54,0.97,0.92,0.97,0,1,0
4,1,0.82,0.53,0.14,0.97,0.82,0.53,0.14,0.82,1,0,0
5,1,0.86,0.29,0.65,0.47,0.86,0.29,0.65,0.86,1,0,0
6,3,0.1,0.08,0.4,0.09,0.1,0.08,0.4,0.4,0,0,1
7,3,0.13,0.72,0.97,0.58,0.13,0.72,0.97,0.97,0,0,1
8,1,0.63,0.26,0.17,0.01,0.63,0.26,0.17,0.63,1,0,0
9,1,0.72,0.17,0.35,0.78,0.72,0.17,0.35,0.72,1,0,0
10,1,0.82,0.76,0.12,0.55,0.82,0.76,0.12,0.82,1,0,0
11,1,0.9,0.09,0.77,0.61,0.9,0.09,0.77,0.9,1,0,0
12,2,0.14,0.95,0.76,0.57,0.14,0.95,0.76,0.95,0,1,0
13,2,0.13,0.26,0.14,0.57,0.13,0.26,0.14,0.26,0,1,0
14,3,0.8,0.47,0.88,0.99,0.8,0.47,0.88,0.88,0,0,1
15,1,0.6,0.18,0.34,0.99,0.6,0.18,0.34,0.6,1,0,0
16,2,0.5,0.62,0.01,0.66,0.5,0.62,0.01,0.62,0,1,0
17,2,0.09,0.44,0.1,0.1,0.09,0.44,0.1,0.44,0,1,0
18,3,0.49,0.54,0.6,0.02,0.49,0.54,0.6,0.6,0,0,1
19,1,0.95,0.81,0.43,0.84,0.95,0.81,0.43,0.95,1,0,0
20,1,0.91,0.62,0.17,0.33,0.91,0.62,0.17,0.91,1,0,0
21,1,0.92,0.05,0.77,0.51,0.92,0.05,0.77,0.92,1,0,0
22,2,0.27,0.91,0.4,0.88,0.27,0.91,0.4,0.91,0,1,0
23,1,0.94,0.73,0.81,0.81,0.94,0.73,0.81,0.94,1,0,0
24,1,0.96,0.24,0.3,0.02,0.96,0.24,0.3,0.96,1,0,0
25,1,0.92,0.7,0.9,0.92,0.92,0.7,0.9,0.92,1,0,0
26,1,0.61,0.1,0.3,0.37,0.61,0.1,0.3,0.61,1,0,0
27,2,0.31,0.84,0.31,0.44,0.31,0.84,0.31,0.84,0,1,0
28,3,0.81,0.53,0.94,0.38,0.81,0.53,0.94,0.94,0,0,1
29,2,0.59,0.89,0.76,0.65,0.59,0.89,0.76,0.89,0,1,0
30,1,0.69,0.58,0.27,0.09,0.69,0.58,0.27,0.69,1,0,0
31,3,0.01,0.36,0.86,0.03,0.01,0.36,0.86,0.86,0,0,1
32,2,0.06,0.73,0.66,0.55,0.06,0.73,0.66,0.73,0,1,0
33,1,0.9,0.41,0.01,0.81,0.9,0.41,0.01,0.9,1,0,0
34,3,0.54,0.3,0.72,0.11,0.54,0.3,0.72,0.72,0,0,1
35,3,0.2,0.03,0.61,0.35,0.2,0.03,0.61,0.61,0,0,1
36,2,0.4,0.94,0.04,0.82,0.4,0.94,0.04,0.94,0,1,0
37,2,0.01,0.2,0.06,0.2,0.01,0.2,0.06,0.2,0,1,0
38,3,0.19,0.06,0.61,0.02,0.19,0.06,0.61,0.61,0,0,1
39,3,0.37,0.15,0.38,0.8,0.37,0.15,0.38,0.38,0,0,1
40,1,0.9,0.67,0.49,0.02,0.9,0.67,0.49,0.9,1,0,0
41,1,0.84,0.67,0.82,0.3,0.84,0.67,0.82,0.84,1,0,0
42,1,0.95,0.48,0.76,0.61,0.95,0.48,0.76,0.95,1,0,0
43,3,0.18,0.23,0.62,0.88,0.18,0.23,0.62,0.62,0,0,1
44,1,0.88,0.64,0.42,0.87,0.88,0.64,0.42,0.88,1,0,0
45,3,0.72,0.22,0.85,0.38,0.72,0.22,0.85,0.85,0,0,1
46,3,0.38,0.03,0.8,0.7,0.38,0.03,0.8,0.8,0,0,1
47,1,0.97,0.16,0.25,0.42,0.97,0.16,0.25,0.97,1,0,0
48,2,0.57,0.81,0.58,0.22,0.57,0.81,0.58,0.81,0,1,0
49,3,0.02,0.16,0.97,0.95,0.02,0.16,0.97,0.97,0,0,1
50,2,0.44,0.49,0.05,0.52,0.44,0.49,0.05,0.49,0,1,0
51,1,0.24,0.2,0.04,0.84,0.24,0.2,0.04,0.24,1,0,0
52,1,0.7,0.37,0.57,0.1,0.7,0.37,0.57,0.7,1,0,0
53,3,0.26,0.03,0.33,0.2,0.26,0.03,0.33,0.33,0,0,1
54,3,0.6,0.24,0.76,0.74,0.6,0.24,0.76,0.76,0,0,1
55,1,0.99,0.24,0.9,0.41,0.99,0.24,0.9,0.99,1,0,0
56,2,0.09,0.79,0.71,0.96,0.09,0.79,0.71,0.79,0,1,0
57,3,0.53,0.21,0.92,0.9,0.53,0.21,0.92,0.92,0,0,1
58,1,0.26,0.06,0.25,0.21,0.26,0.06,0.25,0.26,1,0,0
59,3,0.29,0.6,0.9,0.37,0.29,0.6,0.9,0.9,0,0,1
60,3,0.43,0.11,0.86,0.86,0.43,0.11,0.86,0.86,0,0,1
61,3,0,0.1,0.33,0.99,0,0.1,0.33,0.33,0,0,1
62,1,0.62,0.27,0.56,0.94,0.62,0.27,0.56,0.62,1,0,0
63,1,0.97,0.85,0.53,0.64,0.97,0.85,0.53,0.97,1,0,0
64,2,0.08,0.73,0.42,0.25,0.08,0.73,0.42,0.73,0,1,0
65,1,0.35,0.23,0.21,0.61,0.35,0.23,0.21,0.35,1,0,0
66,1,0.96,0.53,0.01,0.35,0.96,0.53,0.01,0.96,1,0,0
67,2,0.36,0.53,0.34,0.98,0.36,0.53,0.34,0.53,0,1,0
68,2,0.04,0.87,0.26,0.5,0.04,0.87,0.26,0.87,0,1,0
69,1,0.97,0.24,0.02,0.25,0.97,0.24,0.02,0.97,1,0,0
70,3,0.34,0.16,0.59,0.74,0.34,0.16,0.59,0.59,0,0,1
71,3,0.37,0.57,0.59,0.65,0.37,0.57,0.59,0.59,0,0,1
72,2,0.48,0.7,0.7,0.7,0.48,0.7,0.7,0.7,0,1,0
73,3,0.52,0.23,0.69,0.03,0.52,0.23,0.69,0.69,0,0,1
74,3,0.33,0.61,0.61,0.04,0.33,0.61,0.61,0.61,0,0,1
75,2,0.59,0.79,0.25,0.13,0.59,0.79,0.25,0.79,0,1,0
76,1,0.69,0.06,0.35,0.1,0.69,0.06,0.35,0.69,1,0,0
77,3,0.31,0.55,0.57,0.22,0.31,0.55,0.57,0.57,0,0,1
78,2,0.01,0.8,0.35,0.55,0.01,0.8,0.35,0.8,0,1,0
79,2,0.53,0.79,0.12,0.16,0.53,0.79,0.12,0.79,0,1,0
80,2,0.23,0.67,0.42,0.12,0.23,0.67,0.42,0.67,0,1,0
81,3,0.1,0.14,0.25,0.55,0.1,0.14,0.25,0.25,0,0,1
82,1,0.96,0.95,0.06,0.58,0.96,0.95,0.06,0.96,1,0,0
83,2,0.29,0.97,0,0.54,0.29,0.97,0,0.97,0,1,0
84,3,0.82,0.02,0.84,0.35,0.82,0.02,0.84,0.84,0,0,1
85,3,0.02,0,0.65,0.02,0.02,0,0.65,0.65,0,0,1
86,3,0.71,0.62,0.82,0.76,0.71,0.62,0.82,0.82,0,0,1
87,2,0.48,0.93,0.45,0.68,0.48,0.93,0.45,0.93,0,1,0
88,1,0.91,0.38,0.12,0.78,0.91,0.38,0.12,0.91,1,0,0
89,1,0.85,0.29,0.85,0.15,0.85,0.29,0.85,0.85,1,0,0
90,1,0.9,0.01,0.58,0.93,0.9,0.01,0.58,0.9,1,0,0
91,2,0.21,0.73,0.59,0.14,0.21,0.73,0.59,0.73,0,1,0
92,2,0.58,0.92,0.56,0.34,0.58,0.92,0.56,0.92,0,1,0
93,2,0.1,0.65,0,0.66,0.1,0.65,0,0.65,0,1,0
94,3,0.28,0.24,0.36,0.51,0.28,0.24,0.36,0.36,0,0,1
95,1,0.9,0.43,0.48,0.14,0.9,0.43,0.48,0.9,1,0,0
96,3,0.27,0.54,0.99,0.15,0.27,0.54,0.99,0.99,0,0,1
97,1,0.97,0.31,0.09,0.5,0.97,0.31,0.09,0.97,1,0,0
98,1,0.54,0.1,0.35,0.49,0.54,0.1,0.35,0.54,1,0,0
99,2,0.12,0.59,0.59,0.85,0.12,0.59,0.59,0.59,0,1,0
100,2,0.11,0.98,0.17,0.4,0.11,0.98,0.17,0.98,0,1,0
101,1,0.95,0.35,0.92,0.63,0.95,0.35,0.92,0.95,1,0,0
102,1,0.53,0.3,0.05,0.35,0.53,0.3,0.05,0.53,1,0,0
103,1,0.67,0.02,0.44,0.47,0.67,0.02,0.44,0.67,1,0,0
104,3,0.19,0.2,0.66,0.9,0.19,0.2,0.66,0.66,0,0,1
105,2,0.34,0.57,0.06,0.88,0.34,0.57,0.06,0.57,0,1,0
106,2,0.61,0.8,0.39,0.54,0.61,0.8,0.39,0.8,0,1,0
107,1,0.88,0.77,0.29,0.31,0.88,0.77,0.29,0.88,1,0,0
108,3,0.67,0.38,0.86,0.36,0.67,0.38,0.86,0.86,0,0,1
109,2,0.28,0.86,0.82,0.48,0.28,0.86,0.82,0.86,0,1,0
110,1,0.57,0.51,0.27,0.59,0.57,0.51,0.27,0.57,1,0,0
111,2,0.64,0.85,0.05,1,0.64,0.85,0.05,0.85,0,1,0
112,2,0.23,0.41,0.16,0.03,0.23,0.41,0.16,0.41,0,1,0
113,1,0.88,0.45,0.83,0.16,0.88,0.45,0.83,0.88,1,0,0
114,2,0.55,0.83,0.32,0.02,0.55,0.83,0.32,0.83,0,1,0
115,1,0.8,0.26,0.5,0.32,0.8,0.26,0.5,0.8,1,0,0
116,2,0.27,0.5,0.48,0.3,0.27,0.5,0.48,0.5,0,1,0
117,3,0.15,0.41,0.75,0.26,0.15,0.41,0.75,0.75,0,0,1
118,1,0.73,0.42,0.52,0.94,0.73,0.42,0.52,0.73,1,0,0
119,2,0.75,0.99,0.78,0.64,0.75,0.99,0.78,0.99,0,1,0
120,1,0.69,0.59,0.22,0.2,0.69,0.59,0.22,0.69,1,0,0
121,3,0.47,0.29,0.76,0.65,0.47,0.29,0.76,0.76,0,0,1
122,3,0.07,0.23,0.51,0.45,0.07,0.23,0.51,0.51,0,0,1
123,2,0.49,0.73,0.37,0.21,0.49,0.73,0.37,0.73,0,1,0
124,1,0.41,0.19,0.24,0.84,0.41,0.19,0.24,0.41,1,0,0
125,3,0.08,0.65,0.83,0.28,0.08,0.65,0.83,0.83,0,0,1
126,1,0.7,0.35,0.09,0.63,0.7,0.35,0.09,0.7,1,0,0
127,3,0.2,0.42,0.68,0.46,0.2,0.42,0.68,0.68,0,0,1
128,3,0.22,0.3,0.49,0.22,0.22,0.3,0.49,0.49,0,0,1
129,3,0.36,0.5,0.85,0.62,0.36,0.5,0.85,0.85,0,0,1
130,1,0.38,0.15,0.12,0.36,0.38,0.15,0.12,0.38,1,0,0
131,1,0.94,0.65,0.27,0.03,0.94,0.65,0.27,0.94,1,0,0
132,2,0.65,0.73,0.27,0.28,0.65,0.73,0.27,0.73,0,1,0
133,2,0.56,0.75,0.27,0.76,0.56,0.75,0.27,0.75,0,1,0
134,1,0.97,0.09,0.34,0.11,0.97,0.09,0.34,0.97,1,0,0
135,1,0.74,0.25,0.25,0.28,0.74,0.25,0.25,0.74,1,0,0
136,2,0.19,0.48,0.44,0.08,0.19,0.48,0.44,0.48,0,1,0
137,2,0.06,0.88,0.79,0.08,0.06,0.88,0.79,0.88,0,1,0
138,1,0.64,0.23,0.62,0.2,0.64,0.23,0.62,0.64,1,0,0
139,3,0.58,0.58,0.27,0.96,0.58,0.58,0.27,0.58,1,1,0
140,1,0.86,0.53,0.12,0.17,0.86,0.53,0.12,0.86,1,0,0
141,3,0.51,0,0.64,0.32,0.51,0,0.64,0.64,0,0,1
142,1,0.85,0.22,0.3,0.35,0.85,0.22,0.3,0.85,1,0,0
143,1,0.79,0.64,0.7,0.36,0.79,0.64,0.7,0.79,1,0,0
144,2,0.11,0.83,0.79,0.62,0.11,0.83,0.79,0.83,0,1,0
145,1,0.68,0.24,0.27,0.66,0.68,0.24,0.27,0.68,1,0,0
146,2,0.73,0.95,0.9,0.31,0.73,0.95,0.9,0.95,0,1,0
147,1,0.81,0.31,0.39,0.02,0.81,0.31,0.39,0.81,1,0,0
148,2,0.24,0.83,0.36,0.09,0.24,0.83,0.36,0.83,0,1,0
149,2,0.23,0.98,0.61,0.45,0.23,0.98,0.61,0.98,0,1,0
150,3,0.06,0.49,0.99,0.29,0.06,0.49,0.99,0.99,0,0,1
151,1,0.47,0.16,0.02,0.06,0.47,0.16,0.02,0.47,1,0,0
152,1,0.95,0.25,0.75,0.29,0.95,0.25,0.75,0.95,1,0,0
153,2,0.85,0.88,0.44,0.09,0.85,0.88,0.44,0.88,0,1,0
154,1,0.87,0.58,0.54,0.32,0.87,0.58,0.54,0.87,1,0,0
155,1,0.9,0.81,0.06,0.55,0.9,0.81,0.06,0.9,1,0,0
156,1,0.95,0.73,0.92,0.75,0.95,0.73,0.92,0.95,1,0,0
157,1,0.81,0.68,0.05,0.5,0.81,0.68,0.05,0.81,1,0,0
158,2,0.09,0.66,0.34,0.37,0.09,0.66,0.34,0.66,0,1,0
159,1,0.83,0.76,0.12,0.6,0.83,0.76,0.12,0.83,1,0,0
160,2,0.86,0.92,0.31,0.28,0.86,0.92,0.31,0.92,0,1,0
161,3,0.46,0.26,0.79,0.28,0.46,0.26,0.79,0.79,0,0,1
162,1,0.79,0.52,0.09,0.07,0.79,0.52,0.09,0.79,1,0,0
163,3,0.12,0.52,0.84,0.72,0.12,0.52,0.84,0.84,0,0,1
164,1,0.55,0.26,0.1,0.95,0.55,0.26,0.1,0.55,1,0,0
165,3,0.52,0.43,0.67,0.33,0.52,0.43,0.67,0.67,0,0,1
166,3,0.46,0.19,0.86,0.3,0.46,0.19,0.86,0.86,0,0,1
167,2,0.03,0.95,0.22,0.29,0.03,0.95,0.22,0.95,0,1,0
168,2,0.45,0.55,0.48,0.46,0.45,0.55,0.48,0.55,0,1,0
169,2,0.35,0.93,0.88,0.16,0.35,0.93,0.88,0.93,0,1,0
170,2,0.22,0.55,0.24,0.35,0.22,0.55,0.24,0.55,0,1,0
171,3,0.8,0.25,0.9,0.99,0.8,0.25,0.9,0.9,0,0,1
172,3,0.2,0.03,0.72,0.1,0.2,0.03,0.72,0.72,0,0,1
173,3,0.26,0.79,0.84,0.18,0.26,0.79,0.84,0.84,0,0,1
174,3,0.78,0.67,0.87,0.4,0.78,0.67,0.87,0.87,0,0,1
175,1,0.96,0.73,0,0.27,0.96,0.73,0,0.96,1,0,0
176,2,0.18,0.83,0.37,0.17,0.18,0.83,0.37,0.83,0,1,0
177,3,0.14,0.57,0.7,0.53,0.14,0.57,0.7,0.7,0,0,1
178,3,0.38,0.16,1,0.03,0.38,0.16,1,1,0,0,1
179,3,0.4,0.2,0.49,0.59,0.4,0.2,0.49,0.49,0,0,1
180,3,0.51,0.48,0.86,0.8,0.51,0.48,0.86,0.86,0,0,1
181,3,0.21,0.31,0.69,0.76,0.21,0.31,0.69,0.69,0,0,1
182,3,0.1,0.22,0.28,0.87,0.1,0.22,0.28,0.28,0,0,1
183,3,0.27,0.81,0.93,0.29,0.27,0.81,0.93,0.93,0,0,1
184,3,0.03,0.7,0.76,0.22,0.03,0.7,0.76,0.76,0,0,1
185,2,0.23,0.88,0.56,0.58,0.23,0.88,0.56,0.88,0,1,0
186,3,0.16,0.2,0.79,0.56,0.16,0.2,0.79,0.79,0,0,1
187,2,0.41,0.76,0.74,0.38,0.41,0.76,0.74,0.76,0,1,0
188,1,0.29,0.21,0.11,0.7,0.29,0.21,0.11,0.29,1,0,0
189,3,0.53,0.24,0.61,0.91,0.53,0.24,0.61,0.61,0,0,1
190,1,0.96,0.45,0.71,0.61,0.96,0.45,0.71,0.96,1,0,0
191,3,0.28,0.02,0.71,0.03,0.28,0.02,0.71,0.71,0,0,1
192,2,0.61,0.65,0.38,0.55,0.61,0.65,0.38,0.65,0,1,0
193,2,0.16,0.84,0.58,0.83,0.16,0.84,0.58,0.84,0,1,0
194,2,0.18,0.78,0.42,0.24,0.18,0.78,0.42,0.78,0,1,0
195,1,0.71,0.3,0.39,0.73,0.71,0.3,0.39,0.71,1,0,0
196,2,0.06,0.54,0.27,0.91,0.06,0.54,0.27,0.54,0,1,0
197,2,0.35,0.86,0.61,0.17,0.35,0.86,0.61,0.86,0,1,0
198,3,0.06,0.6,0.66,0.82,0.06,0.6,0.66,0.66,0,0,1
199,3,0.35,0.39,0.4,0.22,0.35,0.39,0.4,0.4,0,0,1
200,3,0.66,0.19,0.86,0.17,0.66,0.19,0.86,0.86,0,0,1
201,1,0.81,0.37,0.23,0.71,0.81,0.37,0.23,0.81,1,0,0
202,3,0.78,0.7,1,0.01,0.78,0.7,1,1,0,0,1
203,1,0.94,0.26,0.41,0.3,0.94,0.26,0.41,0.94,1,0,0
204,1,0.75,0.66,0.43,0.97,0.75,0.66,0.43,0.75,1,0,0
205,1,0.94,0.9,0.08,0.26,0.94,0.9,0.08,0.94,1,0,0
206,2,0.51,0.79,0.61,0.09,0.51,0.79,0.61,0.79,0,1,0
207,3,0.67,0.52,0.69,0.91,0.67,0.52,0.69,0.69,0,0,1
208,3,0.9,0.02,1,0.76,0.9,0.02,1,1,0,0,1
209,3,0.74,0.17,0.82,0.51,0.74,0.17,0.82,0.82,0,0,1
210,3,0.25,0.42,0.43,0.85,0.25,0.42,0.43,0.43,0,0,1
211,2,0.53,0.69,0.11,0.52,0.53,0.69,0.11,0.69,0,1,0
212,3,0.21,0.59,0.8,0.99,0.21,0.59,0.8,0.8,0,0,1
213,2,0.34,0.52,0.11,0.84,0.34,0.52,0.11,0.52,0,1,0
214,1,0.74,0.19,0.07,0.21,0.74,0.19,0.07,0.74,1,0,0
215,1,0.95,0.77,0.7,0.65,0.95,0.77,0.7,0.95,1,0,0
216,1,0.83,0.75,0.4,0.84,0.83,0.75,0.4,0.83,1,0,0
217,2,0.73,0.82,0.57,0.66,0.73,0.82,0.57,0.82,0,1,0
218,2,0.8,0.89,0.11,0.56,0.8,0.89,0.11,0.89,0,1,0
219,3,0.42,0.21,0.98,0.43,0.42,0.21,0.98,0.98,0,0,1
220,2,0.9,0.98,0.07,0.38,0.9,0.98,0.07,0.98,0,1,0
221,2,0.17,0.43,0.07,0.42,0.17,0.43,0.07,0.43,0,1,0
222,3,0.41,0.22,0.53,0.44,0.41,0.22,0.53,0.53,0,0,1
223,1,0.33,0.04,0.12,0.72,0.33,0.04,0.12,0.33,1,0,0
224,3,0.12,0.11,1,0.31,0.12,0.11,1,1,0,0,1
225,3,0.62,0.28,0.78,0.11,0.62,0.28,0.78,0.78,0,0,1
226,3,0.15,0.2,0.58,0.9,0.15,0.2,0.58,0.58,0,0,1
227,3,0.56,0.63,0.74,0.32,0.56,0.63,0.74,0.74,0,0,1
228,3,0.52,0.6,0.62,0.12,0.52,0.6,0.62,0.62,0,0,1
229,1,0.75,0.39,0.24,0.64,0.75,0.39,0.24,0.75,1,0,0
230,1,0.94,0.4,0.28,0.1,0.94,0.4,0.28,0.94,1,0,0
231,1,0.87,0.47,0.79,0.71,0.87,0.47,0.79,0.87,1,0,0
232,3,0.33,0.46,1,0.27,0.33,0.46,1,1,0,0,1
233,1,0.95,0.33,0.78,0.66,0.95,0.33,0.78,0.95,1,0,0
234,3,0.44,0.02,0.62,0.41,0.44,0.02,0.62,0.62,0,0,1
235,2,0.67,0.88,0.38,0.24,0.67,0.88,0.38,0.88,0,1,0
236,1,0.95,0.61,0.09,0.57,0.95,0.61,0.09,0.95,1,0,0
237,3,0,0.11,0.67,0.65,0,0.11,0.67,0.67,0,0,1
238,1,0.91,0.85,0.82,0.71,0.91,0.85,0.82,0.91,1,0,0
239,1,0.98,0.62,0.53,0.68,0.98,0.62,0.53,0.98,1,0,0
240,2,0.45,0.59,0.52,0.29,0.45,0.59,0.52,0.59,0,1,0
241,1,0.98,0.12,0.49,0.63,0.98,0.12,0.49,0.98,1,0,0
242,1,0.78,0.11,0.31,0.86,0.78,0.11,0.31,0.78,1,0,0
243,3,0.11,0.39,0.48,0.79,0.11,0.39,0.48,0.48,0,0,1
244,3,0.24,0.53,0.63,0.6,0.24,0.53,0.63,0.63,0,0,1
245,1,0.79,0.05,0.5,0.94,0.79,0.05,0.5,0.79,1,0,0
246,1,0.49,0.18,0.18,0.62,0.49,0.18,0.18,0.49,1,0,0
247,3,0.19,0.16,0.55,0.63,0.19,0.16,0.55,0.55,0,0,1
248,1,0.78,0.32,0.38,0.26,0.78,0.32,0.38,0.78,1,0,0
249,1,0.92,0.64,0.04,0.26,0.92,0.64,0.04,0.92,1,0,0
250,2,0.49,0.67,0.34,0.05,0.49,0.67,0.34,0.67,0,1,0
251,1,0.76,0.5,0.29,0.44,0.76,0.5,0.29,0.76,1,0,0
252,3,0.84,0.15,0.92,0.32,0.84,0.15,0.92,0.92,0,0,1
253,2,0.85,0.97,0.61,0.76,0.85,0.97,0.61,0.97,0,1,0
254,3,0.29,0.4,0.55,0.18,0.29,0.4,0.55,0.55,0,0,1
255,1,0.74,0.03,0.06,0.25,0.74,0.03,0.06,0.74,1,0,0
256,3,0.16,0.72,0.78,0.26,0.16,0.72,0.78,0.78,0,0,1
257,3,0.39,0.1,0.62,0.64,0.39,0.1,0.62,0.62,0,0,1
258,2,0.23,0.63,0.57,0.12,0.23,0.63,0.57,0.63,0,1,0
259,2,0.13,0.2,0.08,0.37,0.13,0.2,0.08,0.2,0,1,0
260,3,0.51,0.34,0.62,0.69,0.51,0.34,0.62,0.62,0,0,1
261,2,0.46,0.88,0.51,0.28,0.46,0.88,0.51,0.88,0,1,0
262,3,0.24,0.48,0.49,0.16,0.24,0.48,0.49,0.49,0,0,1
263,1,0.55,0.12,0.1,0.47,0.55,0.12,0.1,0.55,1,0,0
264,3,0.43,0.09,0.59,0.9,0.43,0.09,0.59,0.59,0,0,1
265,3,0.69,0.77,0.84,0.02,0.69,0.77,0.84,0.84,0,0,1
266,2,0.49,0.7,0.42,0.72,0.49,0.7,0.42,0.7,0,1,0
267,3,0.43,0.43,0.97,0.8,0.43,0.43,0.97,0.97,0,0,1
268,1,0.92,0.42,0.75,0.82,0.92,0.42,0.75,0.92,1,0,0
269,3,0.47,0.22,0.74,0.49,0.47,0.22,0.74,0.74,0,0,1
270,1,0.71,0.52,0.22,0.1,0.71,0.52,0.22,0.71,1,0,0
271,1,0.79,0.08,0.53,0.49,0.79,0.08,0.53,0.79,1,0,0
272,3,0.57,0.59,0.73,0.41,0.57,0.59,0.73,0.73,0,0,1
273,3,0.01,0.42,0.83,0.58,0.01,0.42,0.83,0.83,0,0,1
274,1,0.99,0.74,0.92,0.2,0.99,0.74,0.92,0.99,1,0,0
275,3,0.42,0.43,0.92,0.48,0.42,0.43,0.92,0.92,0,0,1
276,2,0.92,0.97,0.73,0.08,0.92,0.97,0.73,0.97,0,1,0
277,3,0.33,0.7,0.89,0.39,0.33,0.7,0.89,0.89,0,0,1
278,1,0.86,0.19,0.01,0.2,0.86,0.19,0.01,0.86,1,0,0
279,2,0.83,0.89,0.75,0.46,0.83,0.89,0.75,0.89,0,1,0
280,3,0.51,0.42,0.7,0.7,0.51,0.42,0.7,0.7,0,0,1
281,2,0.33,0.9,0.59,0.14,0.33,0.9,0.59,0.9,0,1,0
282,3,0.01,0.63,0.86,0.19,0.01,0.63,0.86,0.86,0,0,1
283,2,0.07,0.81,0.07,0.66,0.07,0.81,0.07,0.81,0,1,0
284,3,0.32,0.67,0.82,0.85,0.32,0.67,0.82,0.82,0,0,1
285,3,0.65,0.04,0.83,0.23,0.65,0.04,0.83,0.83,0,0,1
286,3,0.4,0.28,0.95,0.38,0.4,0.28,0.95,0.95,0,0,1
287,2,0.45,0.97,0.24,0.41,0.45,0.97,0.24,0.97,0,1,0
288,1,0.97,0.54,0.74,0.36,0.97,0.54,0.74,0.97,1,0,0
289,3,0.32,0.38,0.39,0.95,0.32,0.38,0.39,0.39,0,0,1
290,3,0.03,0.35,0.56,0.41,0.03,0.35,0.56,0.56,0,0,1
291,3,0.17,0.48,0.49,0.4,0.17,0.48,0.49,0.49,0,0,1
292,1,0.49,0.18,0.08,0.71,0.49,0.18,0.08,0.49,1,0,0
293,3,0.42,0.57,0.79,0.44,0.42,0.57,0.79,0.79,0,0,1
294,3,0.14,0.01,0.53,0.91,0.14,0.01,0.53,0.53,0,0,1
295,3,0.06,0.62,0.81,0.97,0.06,0.62,0.81,0.81,0,0,1
296,1,0.97,0.75,0.55,0.33,0.97,0.75,0.55,0.97,1,0,0
297,3,0.38,0.23,0.55,0.13,0.38,0.23,0.55,0.55,0,0,1
298,2,0.36,0.86,0.07,0.99,0.36,0.86,0.07,0.86,0,1,0
299,3,0.14,0.56,0.77,0.86,0.14,0.56,0.77,0.77,0,0,1
300,3,0.67,0.09,0.78,0.04,0.67,0.09,0.78,0.78,0,0,1
301,2,0.1,0.33,0.28,0.27,0.1,0.33,0.28,0.33,0,1,0
302,1,0.86,0.64,0.13,0.3,0.86,0.64,0.13,0.86,1,0,0
303,2,0.2,0.62,0.3,0.84,0.2,0.62,0.3,0.62,0,1,0
304,2,0.32,0.62,0.34,0.9,0.32,0.62,0.34,0.62,0,1,0
305,3,0.17,0.26,0.93,0.44,0.17,0.26,0.93,0.93,0,0,1
306,3,0.26,0.17,0.91,0.3,0.26,0.17,0.91,0.91,0,0,1
307,2,0.44,0.53,0.14,0.7,0.44,0.53,0.14,0.53,0,1,0
308,1,0.96,0.72,0.86,0.72,0.96,0.72,0.86,0.96,1,0,0
309,1,0.85,0.24,0.09,0.27,0.85,0.24,0.09,0.85,1,0,0
310,2,0.39,0.81,0.37,0.46,0.39,0.81,0.37,0.81,0,1,0
311,2,0.43,0.93,0.19,0.52,0.43,0.93,0.19,0.93,0,1,0
312,1,0.7,0.64,0.49,0.85,0.7,0.64,0.49,0.7,1,0,0
313,3,0.68,0.15,0.68,0.94,0.68,0.15,0.68,0.68,0,0,1
314,2,0.28,0.7,0.65,0.3,0.28,0.7,0.65,0.7,0,1,0
315,3,0.12,0.23,0.25,0.54,0.12,0.23,0.25,0.25,0,0,1
316,2,0.05,0.84,0.75,0.15,0.05,0.84,0.75,0.84,0,1,0
317,2,0.52,0.78,0.54,0.64,0.52,0.78,0.54,0.78,0,1,0
318,2,0.09,0.86,0.17,0.55,0.09,0.86,0.17,0.86,0,1,0
319,2,0.06,0.79,0.07,0.55,0.06,0.79,0.07,0.79,0,1,0
320,3,0.41,0.53,0.73,0.25,0.41,0.53,0.73,0.73,0,0,1
321,3,0.43,0.67,0.99,0.9,0.43,0.67,0.99,0.99,0,0,1
322,1,0.8,0.45,0.09,0.26,0.8,0.45,0.09,0.8,1,0,0
323,2,0.66,0.84,0.62,0.71,0.66,0.84,0.62,0.84,0,1,0
324,2,0.13,0.42,0.4,0.14,0.13,0.42,0.4,0.42,0,1,0
325,1,0.96,0.9,0.6,0.25,0.96,0.9,0.6,0.96,1,0,0
326,3,0.56,0.77,0.96,0.05,0.56,0.77,0.96,0.96,0,0,1
327,1,0.98,0.34,0.82,0.69,0.98,0.34,0.82,0.98,1,0,0
328,2,0.24,0.56,0.24,0.86,0.24,0.56,0.24,0.56,0,1,0
329,3,0.04,0.01,0.14,0.3,0.04,0.01,0.14,0.14,0,0,1
330,1,0.85,0,0.63,0.45,0.85,0,0.63,0.85,1,0,0
331,3,0.23,0.09,0.71,0.72,0.23,0.09,0.71,0.71,0,0,1
332,3,0.25,0.65,0.96,0.45,0.25,0.65,0.96,0.96,0,0,1
333,3,0.18,0.63,0.94,0.75,0.18,0.63,0.94,0.94,0,0,1
334,3,0.35,0.39,0.93,0.13,0.35,0.39,0.93,0.93,0,0,1
335,3,0.07,0.46,0.9,0.1,0.07,0.46,0.9,0.9,0,0,1
336,2,0.65,0.99,0.39,0.75,0.65,0.99,0.39,0.99,0,1,0
337,3,0.62,0.45,0.91,0.41,0.62,0.45,0.91,0.91,0,0,1
338,1,0.85,0.05,0.81,0.45,0.85,0.05,0.81,0.85,1,0,0
339,3,0.15,0.67,0.75,0.95,0.15,0.67,0.75,0.75,0,0,1
340,2,0.01,0.49,0.42,0.13,0.01,0.49,0.42,0.49,0,1,0
341,2,0.2,0.93,0.21,0.86,0.2,0.93,0.21,0.93,0,1,0
342,2,0.62,0.84,0.18,0.37,0.62,0.84,0.18,0.84,0,1,0
343,2,0.34,0.91,0.61,0.41,0.34,0.91,0.61,0.91,0,1,0
344,1,0.98,0.73,0.52,1,0.98,0.73,0.52,0.98,1,0,0
345,2,0.36,0.8,0.16,0.84,0.36,0.8,0.16,0.8,0,1,0
346,3,0.39,0.31,0.95,0.88,0.39,0.31,0.95,0.95,0,0,1
347,1,0.29,0.19,0.1,0.72,0.29,0.19,0.1,0.29,1,0,0
348,1,0.85,0.15,0.43,0.12,0.85,0.15,0.43,0.85,1,0,0
349,2,0.21,0.93,0.48,0.99,0.21,0.93,0.48,0.93,0,1,0
350,3,0.72,0.8,0.9,0.43,0.72,0.8,0.9,0.9,0,0,1
351,3,0.07,0.57,0.78,0.61,0.07,0.57,0.78,0.78,0,0,1
352,2,0.06,0.08,0.01,0.41,0.06,0.08,0.01,0.08,0,1,0
353,3,0.79,0.71,0.91,0.04,0.79,0.71,0.91,0.91,0,0,1
354,1,0.69,0.58,0.39,0.92,0.69,0.58,0.39,0.69,1,0,0
355,1,0.88,0.8,0.44,0.81,0.88,0.8,0.44,0.88,1,0,0
356,3,0.49,0.51,0.72,0.49,0.49,0.51,0.72,0.72,0,0,1
357,1,0.61,0.17,0.3,0.84,0.61,0.17,0.3,0.61,1,0,0
358,2,0.67,0.82,0.62,0.42,0.67,0.82,0.62,0.82,0,1,0
359,2,0.16,0.55,0.24,0.44,0.16,0.55,0.24,0.55,0,1,0
360,1,0.98,0.23,0.16,0.76,0.98,0.23,0.16,0.98,1,0,0
361,2,0.5,0.96,0.89,0.92,0.5,0.96,0.89,0.96,0,1,0
362,1,0.39,0.28,0.21,0.13,0.39,0.28,0.21,0.39,1,0,0
363,2,0.04,0.84,0.56,0.58,0.04,0.84,0.56,0.84,0,1,0
364,3,0.61,0.21,0.82,0.42,0.61,0.21,0.82,0.82,0,0,1
365,2,0.05,0.2,0.15,0.09,0.05,0.2,0.15,0.2,0,1,0
366,1,0.65,0.1,0.4,0.99,0.65,0.1,0.4,0.65,1,0,0
367,3,0.6,0.59,0.83,0.43,0.6,0.59,0.83,0.83,0,0,1
368,2,0.61,0.99,0.93,0.78,0.61,0.99,0.93,0.99,0,1,0
369,3,0.53,0.3,0.73,0.54,0.53,0.3,0.73,0.73,0,0,1
370,1,0.74,0.7,0.19,0.99,0.74,0.7,0.19,0.74,1,0,0
371,3,0.43,0.33,0.48,0.02,0.43,0.33,0.48,0.48,0,0,1
372,3,0.82,0.02,0.98,0.98,0.82,0.02,0.98,0.98,0,0,1
373,3,0.73,0.85,0.96,0.02,0.73,0.85,0.96,0.96,0,0,1
374,3,0.84,0.63,0.92,0.89,0.84,0.63,0.92,0.92,0,0,1
375,2,0.11,0.99,0.27,0.69,0.11,0.99,0.27,0.99,0,1,0
376,3,0.18,0.79,0.92,0.92,0.18,0.79,0.92,0.92,0,0,1
377,2,0.4,0.43,0.2,0.55,0.4,0.43,0.2,0.43,0,1,0
378,3,0.03,0.53,0.9,0.48,0.03,0.53,0.9,0.9,0,0,1
379,2,0.2,0.62,0.32,0.31,0.2,0.62,0.32,0.62,0,1,0
380,1,1,0.53,0.85,0.21,1,0.53,0.85,1,1,0,0
381,1,0.96,0.26,0.44,0.09,0.96,0.26,0.44,0.96,1,0,0
382,1,0.43,0.07,0.33,0.8,0.43,0.07,0.33,0.43,1,0,0
383,3,0.65,0.55,0.9,0.48,0.65,0.55,0.9,0.9,0,0,1
384,1,0.38,0.35,0.18,0.48,0.38,0.35,0.18,0.38,1,0,0
385,1,0.55,0.2,0.11,0.7,0.55,0.2,0.11,0.55,1,0,0
386,1,0.72,0.47,0.38,0.11,0.72,0.47,0.38,0.72,1,0,0
387,1,0.91,0.54,0.64,0.65,0.91,0.54,0.64,0.91,1,0,0
388,1,0.97,0.57,0.45,0.78,0.97,0.57,0.45,0.97,1,0,0
389,1,0.8,0.05,0.49,0.57,0.8,0.05,0.49,0.8,1,0,0
390,3,0.66,0.23,0.91,0.14,0.66,0.23,0.91,0.91,0,0,1
391,3,0.27,0.15,0.91,0.1,0.27,0.15,0.91,0.91,0,0,1
392,2,0.27,0.64,0.64,0.36,0.27,0.64,0.64,0.64,0,1,0
393,2,0.43,0.57,0.15,0.94,0.43,0.57,0.15,0.57,0,1,0
394,1,0.99,0.4,0.49,0.94,0.99,0.4,0.49,0.99,1,0,0
395,3,0.06,0.44,0.53,0.48,0.06,0.44,0.53,0.53,0,0,1
396,2,0.16,0.59,0.17,0.33,0.16,0.59,0.17,0.59,0,1,0
397,2,0.13,0.16,0.16,0.6,0.13,0.16,0.16,0.16,0,1,0
398,2,0.33,0.96,0.29,0.47,0.33,0.96,0.29,0.96,0,1,0
399,3,0.2,0.16,0.35,0.59,0.2,0.16,0.35,0.35,0,0,1
400,2,0.05,0.87,0.7,0.35,0.05,0.87,0.7,0.87,0,1,0
401,3,0.12,0.48,0.93,0.8,0.12,0.48,0.93,0.93,0,0,1
402,3,0.72,0.03,0.72,0.13,0.72,0.03,0.72,0.72,0,0,1
403,3,0.57,0.06,0.71,0.78,0.57,0.06,0.71,0.71,0,0,1
404,1,0.62,0.21,0.47,0.92,0.62,0.21,0.47,0.62,1,0,0
405,3,0.77,0.18,1,0.08,0.77,0.18,1,1,0,0,1
406,3,0.31,0.27,0.73,0.57,0.31,0.27,0.73,0.73,0,0,1
407,1,0.99,0.65,0.38,0.6,0.99,0.65,0.38,0.99,1,0,0
408,1,0.7,0.33,0.07,0.38,0.7,0.33,0.07,0.7,1,0,0
409,1,0.16,0.06,0.14,0.58,0.16,0.06,0.14,0.16,1,0,0
410,1,0.58,0.03,0.54,0.31,0.58,0.03,0.54,0.58,1,0,0
411,1,0.98,0.49,0.79,0.88,0.98,0.49,0.79,0.98,1,0,0
412,2,0.37,0.53,0.15,0.46,0.37,0.53,0.15,0.53,0,1,0
413,3,0.08,0.13,0.48,0.21,0.08,0.13,0.48,0.48,0,0,1
414,1,0.98,0.03,0.15,0.12,0.98,0.03,0.15,0.98,1,0,0
415,2,0.88,0.93,0.8,0.05,0.88,0.93,0.8,0.93,0,1,0
416,1,0.4,0.32,0.22,0.1,0.4,0.32,0.22,0.4,1,0,0
417,2,0.46,0.6,0.2,0.16,0.46,0.6,0.2,0.6,0,1,0
418,3,0.18,0.24,0.41,0.07,0.18,0.24,0.41,0.41,0,0,1
419,3,0.36,0.88,0.95,0.34,0.36,0.88,0.95,0.95,0,0,1
420,1,0.88,0.13,0.24,0.2,0.88,0.13,0.24,0.88,1,0,0
421,3,0.1,0.45,0.69,0.09,0.1,0.45,0.69,0.69,0,0,1
422,1,0.99,0.35,0.95,0.01,0.99,0.35,0.95,0.99,1,0,0
423,1,0.69,0.61,0.6,0.7,0.69,0.61,0.6,0.69,1,0,0
424,1,0.64,0.22,0.34,0.49,0.64,0.22,0.34,0.64,1,0,0
425,2,0.75,0.83,0.35,0.07,0.75,0.83,0.35,0.83,0,1,0
426,1,0.98,0.56,0.81,0.84,0.98,0.56,0.81,0.98,1,0,0
427,3,0.17,0.18,0.69,0.97,0.17,0.18,0.69,0.69,0,0,1
428,2,0.37,0.78,0.04,0.68,0.37,0.78,0.04,0.78,0,1,0
429,2,0.87,1,0.7,0.7,0.87,1,0.7,1,0,1,0
430,1,0.97,0.15,0.86,0.67,0.97,0.15,0.86,0.97,1,0,0
431,1,0.56,0.01,0.46,0.44,0.56,0.01,0.46,0.56,1,0,0
432,3,0.64,0.76,0.91,0.79,0.64,0.76,0.91,0.91,0,0,1
433,2,0.32,0.83,0.25,0.48,0.32,0.83,0.25,0.83,0,1,0
434,2,0.41,0.77,0.11,0.78,0.41,0.77,0.11,0.77,0,1,0
435,3,0.61,0.08,0.66,0.32,0.61,0.08,0.66,0.66,0,0,1
436,3,0.13,0.09,0.15,0.79,0.13,0.09,0.15,0.15,0,0,1
437,2,0.16,0.86,0.58,0.01,0.16,0.86,0.58,0.86,0,1,0
438,2,0.11,0.95,0.89,0.46,0.11,0.95,0.89,0.95,0,1,0
439,2,0.14,0.78,0.33,0.23,0.14,0.78,0.33,0.78,0,1,0
440,2,0.56,0.73,0.41,0.34,0.56,0.73,0.41,0.73,0,1,0
441,2,0.14,0.33,0.33,0.38,0.14,0.33,0.33,0.33,0,1,0
442,1,0.99,0.55,0.48,0.24,0.99,0.55,0.48,0.99,1,0,0
443,2,0.18,0.81,0.02,0.22,0.18,0.81,0.02,0.81,0,1,0
444,1,0.99,0.71,0.76,0.3,0.99,0.71,0.76,0.99,1,0,0
445,3,0.67,0.44,0.98,0.79,0.67,0.44,0.98,0.98,0,0,1
446,3,0.11,0.36,0.66,0.76,0.11,0.36,0.66,0.66,0,0,1
447,3,0.61,0.28,0.67,0.1,0.61,0.28,0.67,0.67,0,0,1
448,1,0.66,0.5,0,0.35,0.66,0.5,0,0.66,1,0,0
449,3,0.08,0.32,0.93,0.65,0.08,0.32,0.93,0.93,0,0,1
450,3,0.57,0.16,0.59,0.15,0.57,0.16,0.59,0.59,0,0,1
451,1,0.95,0.09,0.8,0.25,0.95,0.09,0.8,0.95,1,0,0
452,1,0.31,0.3,0.28,0.82,0.31,0.3,0.28,0.31,1,0,0
453,3,0.21,0.09,0.6,0.13,0.21,0.09,0.6,0.6,0,0,1
454,3,0.06,0.24,0.7,0.96,0.06,0.24,0.7,0.7,0,0,1
455,3,0.11,0.21,0.69,0.7,0.11,0.21,0.69,0.69,0,0,1
456,3,0.07,0.53,0.56,0.71,0.07,0.53,0.56,0.56,0,0,1
457,3,0.2,0.27,0.47,0.63,0.2,0.27,0.47,0.47,0,0,1
458,2,0.57,0.75,0.58,0.59,0.57,0.75,0.58,0.75,0,1,0
459,1,0.98,0.25,0.75,0.2,0.98,0.25,0.75,0.98,1,0,0
460,3,0.57,0.33,0.89,0.02,0.57,0.33,0.89,0.89,0,0,1
461,1,0.92,0.26,0.31,0.06,0.92,0.26,0.31,0.92,1,0,0
462,3,0.44,0.12,0.77,0.9,0.44,0.12,0.77,0.77,0,0,1
463,1,0.85,0.76,0.78,0.22,0.85,0.76,0.78,0.85,1,0,0
464,1,0.91,0.87,0.78,0.1,0.91,0.87,0.78,0.91,1,0,0
465,2,0.74,0.95,0.78,0.06,0.74,0.95,0.78,0.95,0,1,0
466,2,0.34,0.84,0.83,0.42,0.34,0.84,0.83,0.84,0,1,0
467,3,0.15,0.87,0.88,0.46,0.15,0.87,0.88,0.88,0,0,1
468,1,0.72,0.03,0.64,0.66,0.72,0.03,0.64,0.72,1,0,0
469,2,0.72,0.88,0.68,0.22,0.72,0.88,0.68,0.88,0,1,0
470,1,0.58,0.55,0.08,0.31,0.58,0.55,0.08,0.58,1,0,0
471,3,0.08,0.4,0.55,0.99,0.08,0.4,0.55,0.55,0,0,1
472,3,0.6,0.06,0.89,0.12,0.6,0.06,0.89,0.89,0,0,1
473,1,0.84,0.59,0.15,0.12,0.84,0.59,0.15,0.84,1,0,0
474,3,0.07,0.19,0.43,0.37,0.07,0.19,0.43,0.43,0,0,1
475,1,0.86,0.08,0.45,0.97,0.86,0.08,0.45,0.86,1,0,0
476,2,0.47,0.69,0.14,0.42,0.47,0.69,0.14,0.69,0,1,0
477,3,0.25,0.67,0.9,0.6,0.25,0.67,0.9,0.9,0,0,1
478,2,0.11,0.99,0.75,0.41,0.11,0.99,0.75,0.99,0,1,0
479,3,0.07,0.1,0.91,0.96,0.07,0.1,0.91,0.91,0,0,1
480,2,0.11,0.5,0.36,0.94,0.11,0.5,0.36,0.5,0,1,0
481,1,0.61,0.35,0.17,0.57,0.61,0.35,0.17,0.61,1,0,0
482,2,0.07,0.94,0.44,0.75,0.07,0.94,0.44,0.94,0,1,0
483,3,0.51,0.33,0.98,0.66,0.51,0.33,0.98,0.98,0,0,1
484,3,0.62,0.9,0.9,0.34,0.62,0.9,0.9,0.9,0,0,1
485,1,0.88,0.05,0.06,0.94,0.88,0.05,0.06,0.88,1,0,0
486,3,0.11,0.22,0.5,0.61,0.11,0.22,0.5,0.5,0,0,1
487,2,0.42,0.96,0.14,0.53,0.42,0.96,0.14,0.96,0,1,0
488,1,0.63,0.08,0.51,0.57,0.63,0.08,0.51,0.63,1,0,0
489,3,0.32,0.58,1,0.01,0.32,0.58,1,1,0,0,1
490,2,0.28,0.45,0.15,0.93,0.28,0.45,0.15,0.45,0,1,0
491,3,0.63,0.67,0.85,0.51,0.63,0.67,0.85,0.85,0,0,1
492,1,0.61,0.46,0.23,0.93,0.61,0.46,0.23,0.61,1,0,0
493,1,0.95,0.59,0.18,0.03,0.95,0.59,0.18,0.95,1,0,0
494,2,0.47,1,0.64,0.21,0.47,1,0.64,1,0,1,0
495,2,0.31,0.82,0.63,0.17,0.31,0.82,0.63,0.82,0,1,0
496,2,0.49,0.73,0.14,0.88,0.49,0.73,0.14,0.73,0,1,0
497,3,0.04,0.16,0.29,0.93,0.04,0.16,0.29,0.29,0,0,1
498,2,0.79,0.85,0.39,0.68,0.79,0.85,0.39,0.85,0,1,0
499,3,0.38,0.41,0.55,0.92,0.38,0.41,0.55,0.55,0,0,1
500,2,0.26,0.75,0.56,0.4,0.26,0.75,0.56,0.75,0,1,0
501,3,0.65,0.22,0.97,0.01,0.65,0.22,0.97,0.97,0,0,1
502,2,0.32,0.59,0.31,0.38,0.32,0.59,0.31,0.59,0,1,0
503,1,0.88,0.68,0.36,0.31,0.88,0.68,0.36,0.88,1,0,0
504,3,0.63,0.51,0.69,0.45,0.63,0.51,0.69,0.69,0,0,1
505,1,0.76,0.1,0.7,0.64,0.76,0.1,0.7,0.76,1,0,0
506,3,0.72,0.71,0.98,0.21,0.72,0.71,0.98,0.98,0,0,1
507,3,0.64,0.05,0.67,0.62,0.64,0.05,0.67,0.67,0,0,1
508,3,0.73,0.11,0.83,0.98,0.73,0.11,0.83,0.83,0,0,1
509,2,0.36,0.36,0.21,0.86,0.36,0.36,0.21,0.36,0,1,0
510,2,0.49,0.93,0.9,0.71,0.49,0.93,0.9,0.93,0,1,0
511,2,0.02,0.45,0.21,0.76,0.02,0.45,0.21,0.45,0,1,0
512,2,0.81,0.87,0.02,0.45,0.81,0.87,0.02,0.87,0,1,0
513,1,0.61,0.53,0.36,0.16,0.61,0.53,0.36,0.61,1,0,0
514,1,0.9,0.01,0.63,0.67,0.9,0.01,0.63,0.9,1,0,0
515,3,0.69,0.78,0.78,0.29,0.69,0.78,0.78,0.78,0,0,1
516,1,0.99,0.83,0.87,0.95,0.99,0.83,0.87,0.99,1,0,0
517,4,0.92,0.76,0.92,0.33,0.92,0.76,0.92,0.92,1,0,1
518,2,0.73,0.79,0.07,0.53,0.73,0.79,0.07,0.79,0,1,0
519,3,0.97,0.12,0.99,0.32,0.97,0.12,0.99,0.99,0,0,1
520,3,0.62,0.41,0.93,0.28,0.62,0.41,0.93,0.93,0,0,1
521,3,0.86,0.6,0.96,0.18,0.86,0.6,0.96,0.96,0,0,1
522,1,0.96,0.55,0.56,0.17,0.96,0.55,0.56,0.96,1,0,0
523,2,0.22,0.49,0.34,0.58,0.22,0.49,0.34,0.49,0,1,0
524,1,0.89,0.19,0.85,0.01,0.89,0.19,0.85,0.89,1,0,0
525,3,0.57,0.5,0.58,0.66,0.57,0.5,0.58,0.58,0,0,1
526,1,0.52,0.18,0.26,0.43,0.52,0.18,0.26,0.52,1,0,0
527,3,0.83,0.34,0.84,0.45,0.83,0.34,0.84,0.84,0,0,1
528,3,0.32,0.13,0.57,0.54,0.32,0.13,0.57,0.57,0,0,1
